date,category,region,amount,quantity,customer_rating
2024-10-15,Electronics,North,4600.74,5,2.0
2024-04-12,Food,North,569.08,10,2.8
2024-06-02,Food,East,880.71,12,4.5
2024-05-29,Food,East,3629.41,32,2.6
2024-10-30,Books,West,1297.49,29,4.4
2024-09-26,Food,North,4320.39,30,4.3
2024-09-12,Clothing,South,3861.78,11,4.4
2024-04-05,Electronics,South,733.93,34,2.0
2024-03-29,Sports,North,1782.31,9,4.2
2024-11-27,Electronics,North,787.62,9,3.8
2024-06-26,Books,West,2077.88,47,3.8
2024-04-29,Electronics,South,1985.32,6,2.9
2024-12-23,Electronics,South,1382.0,36,3.9
2024-01-18,Electronics,South,4478.5,9,2.7
2024-06-15,Electronics,South,1483.94,16,1.0
2024-09-05,Books,South,1702.19,27,1.9
2024-07-15,Electronics,West,3442.46,33,1.9
2024-04-18,Electronics,South,710.02,19,4.7
2024-02-23,Clothing,South,4567.7,49,4.9
2024-05-28,Sports,East,4652.81,37,3.0
2024-02-21,Books,South,4664.62,16,1.8
2024-08-04,Clothing,East,1916.09,27,3.6
2024-01-11,Food,North,765.31,20,4.9
2024-11-02,Books,West,3129.7,36,1.9
2024-05-12,Sports,South,2202.72,44,4.9
2024-08-24,Electronics,West,1977.95,29,2.6
2024-11-08,Sports,North,2546.01,1,3.8
2024-08-03,Food,West,4635.16,22,2.0
2024-10-09,Clothing,South,3993.0,46,3.5
2024-11-06,Books,West,4846.11,43,1.9
2024-08-14,Electronics,South,1736.05,28,4.6
2024-03-30,Clothing,West,486.04,46,2.6
2024-06-13,Food,North,3289.85,2,5.0
2024-12-10,Clothing,West,46.77,23,3.6
2024-03-23,Electronics,North,20.21,15,1.8
2024-03-14,Clothing,North,1118.3,40,2.7
2024-04-17,Electronics,South,2102.96,16,2.9
2024-07-06,Sports,North,3375.83,3,2.1
2024-04-06,Electronics,West,3231.98,24,2.9
2024-06-28,Food,West,2187.15,42,4.8
2024-08-24,Food,West,13.52,48,2.9
2024-02-28,Clothing,South,2362.79,45,3.7
2024-01-03,Books,East,4131.75,8,1.6
2024-06-23,Sports,North,691.92,24,4.7
2024-08-30,Clothing,West,802.33,5,3.6
2024-03-05,Clothing,South,39.7,17,1.7
2024-09-04,Food,South,4862.2,2,3.9
2024-09-07,Clothing,North,1329.94,44,3.8
2024-06-14,Food,South,3121.83,1,1.5
2024-10-06,Electronics,North,3158.77,5,3.5
2024-08-09,Electronics,West,1864.04,29,3.1
2024-11-20,Electronics,North,2817.78,3,1.8
2024-10-22,Food,North,4343.35,40,3.0
2024-07-17,Sports,East,87.44,30,4.6
2024-12-06,Books,North,3709.0,22,4.5
2024-12-23,Sports,South,782.04,33,2.8
2024-02-26,Books,East,3089.36,23,1.5
2024-09-01,Electronics,East,4658.49,7,1.5
2024-06-05,Clothing,North,2749.23,14,4.2
2024-02-22,Sports,South,3258.44,30,4.5
2024-05-22,Clothing,North,4828.1,37,1.9
2024-08-31,Electronics,South,1690.2,17,4.9
2024-07-08,Clothing,West,1645.41,41,2.8
2024-08-05,Clothing,South,1846.85,14,1.6
2024-09-05,Clothing,South,959.2,40,3.7
2024-03-03,Sports,West,1469.9,14,2.0
2024-08-09,Electronics,South,1482.97,41,4.0
2024-02-01,Food,West,1361.48,9,3.4
2024-09-11,Food,South,3542.1,1,3.0
2024-03-30,Clothing,West,3656.01,36,1.2
2024-08-22,Food,South,3239.88,13,4.1
2024-09-16,Electronics,West,3496.02,27,3.4
2024-06-01,Clothing,South,1000.2,32,1.2
2024-04-30,Food,South,661.05,39,3.5
2024-08-04,Sports,South,1065.8,47,1.9
2024-06-19,Electronics,East,2806.51,42,2.5
2024-10-18,Books,West,1605.14,41,3.9
2024-09-12,Electronics,South,2662.33,23,3.1
2024-01-14,Books,South,2421.87,28,1.3
2024-02-18,Food,South,992.9,16,1.3
2024-06-10,Clothing,North,4343.05,10,1.3
2024-04-28,Electronics,West,467.51,48,3.9
2024-07-28,Books,North,201.21,33,1.3
2024-01-21,Food,South,1282.74,37,2.5
2024-01-15,Food,South,3607.7,13,2.9
2024-01-15,Clothing,North,2759.64,32,2.2
2024-09-22,Food,North,3877.39,29,2.7
2024-08-04,Electronics,West,3195.18,29,3.2
2024-08-22,Clothing,East,3333.78,14,3.2
2024-08-18,Electronics,East,3374.58,34,3.6
2024-04-19,Clothing,East,4656.08,44,4.7
2024-07-22,Electronics,North,4526.08,14,3.2
2024-02-19,Electronics,West,3119.83,3,2.0
2024-05-19,Books,West,2410.32,25,1.7
2024-09-25,Clothing,East,1107.39,49,2.1
2024-09-06,Electronics,West,1109.2,13,3.7
2024-11-11,Electronics,East,536.14,11,2.8
2024-06-11,Books,East,522.1,25,3.4
2024-10-07,Electronics,West,3130.34,34,3.3
2024-06-30,Electronics,East,1858.87,32,4.2
2024-01-23,Sports,West,4222.22,26,1.8
2024-08-06,Clothing,North,404.78,9,3.0
2024-05-06,Books,East,2713.16,42,1.2
2024-09-10,Clothing,South,1229.78,22,1.3
2024-10-11,Sports,East,2093.93,19,2.8
2024-02-18,Clothing,West,826.97,20,1.8
2024-07-08,Sports,East,4483.69,50,1.3
2024-11-23,Electronics,North,4688.12,11,3.6
2024-07-14,Clothing,South,4607.88,1,2.2
2024-03-12,Sports,East,4585.11,17,3.3
2024-08-02,Food,West,4336.07,39,4.4
2024-09-09,Books,North,3529.07,35,1.5
2024-04-01,Sports,North,4502.4,25,2.2
2024-01-05,Sports,East,352.85,7,5.0
2024-05-15,Clothing,North,4035.07,41,3.0
2024-03-24,Sports,South,40.51,29,3.8
2024-09-02,Clothing,East,101.68,47,1.9
2024-02-06,Clothing,East,1264.26,24,1.3
2024-07-30,Food,West,3607.62,33,4.4
2024-05-04,Food,West,2074.88,2,4.3
2024-06-20,Food,East,4860.12,25,3.1
2024-10-24,Clothing,South,3758.12,16,3.1
2024-03-13,Books,West,2830.45,1,4.7
2024-10-12,Clothing,South,1709.29,12,3.6
2024-02-13,Food,West,3016.41,38,1.9
2024-05-27,Clothing,East,573.85,24,1.3
2024-03-29,Electronics,South,4808.91,15,1.1
2024-11-28,Sports,South,3805.65,29,3.7
2024-01-25,Clothing,South,2201.66,36,1.8
2024-11-03,Electronics,East,1307.35,47,4.7
2024-11-11,Electronics,South,4111.6,2,1.9
2024-07-09,Food,West,775.28,36,4.7
2024-02-12,Food,South,3397.79,33,4.0
2024-02-08,Sports,South,2992.83,17,1.7
2024-03-09,Sports,West,1728.73,40,2.6
2024-09-28,Books,East,776.9,17,3.4
2024-02-05,Clothing,North,4186.45,29,1.1
2024-05-07,Books,South,3279.22,21,4.6
2024-01-05,Books,South,3539.01,37,3.4
2024-06-20,Sports,North,2629.56,47,1.3
2024-12-19,Clothing,South,1713.36,34,4.2
2024-02-23,Books,North,3709.85,9,2.3
2024-05-11,Books,South,2347.36,14,4.8
2024-11-05,Sports,South,3402.25,31,2.7
2024-02-27,Clothing,East,2574.86,37,3.6
2024-10-05,Food,East,161.4,17,1.8
2024-12-01,Books,South,4170.46,35,4.5
2024-09-21,Electronics,South,1510.2,23,3.1
2024-08-21,Sports,North,2118.56,47,4.7
2024-06-26,Sports,South,2737.47,49,2.9
2024-05-24,Books,North,897.09,44,2.5
2024-04-07,Books,North,822.69,14,2.7
2024-03-23,Food,East,1357.2,18,4.7
2024-12-19,Clothing,South,1845.96,25,3.8
2024-05-23,Clothing,South,3190.15,48,1.5
2024-01-18,Sports,North,4421.78,31,3.5
2024-05-29,Electronics,North,2478.6,24,5.0
2024-09-13,Electronics,West,3635.67,31,3.3
2024-01-04,Books,West,3797.95,21,2.0
2024-08-07,Books,South,4000.56,17,2.7
2024-10-31,Electronics,North,164.52,17,4.0
2024-08-06,Clothing,West,3530.09,8,4.2
2024-10-18,Books,East,433.72,2,2.4
2024-02-22,Electronics,East,391.31,3,4.1
2024-06-14,Clothing,West,3402.81,26,2.2
2024-11-20,Books,South,2397.06,16,4.6
2024-05-29,Clothing,North,1387.99,26,1.7
2024-03-07,Sports,North,3729.68,15,1.5
2024-03-09,Clothing,East,287.99,27,4.9
2024-04-04,Books,North,525.37,36,2.7
2024-01-23,Clothing,East,665.06,24,4.8
2024-01-13,Food,North,1717.71,8,4.2
2024-06-07,Books,West,1731.45,37,4.3
2024-10-24,Electronics,North,1613.59,13,3.8
2024-11-24,Electronics,East,3903.24,13,4.5
2024-09-22,Electronics,South,4438.77,45,2.7
2024-04-12,Clothing,North,2709.57,12,2.7
2024-10-09,Food,South,3383.56,19,1.6
2024-09-06,Electronics,East,2604.96,5,4.1
2024-10-20,Sports,East,1155.18,34,2.9
2024-09-24,Clothing,East,1951.04,29,2.2
2024-03-18,Sports,North,3828.25,37,4.0
2024-03-23,Clothing,East,631.53,41,4.0
2024-03-09,Food,West,1036.12,32,2.0
2024-04-14,Electronics,North,1272.76,39,2.8
2024-03-06,Food,East,4018.89,39,4.9
2024-04-11,Books,North,4794.37,31,4.9
2024-01-04,Electronics,South,193.48,35,4.7
2024-12-17,Electronics,East,918.26,4,4.7
2024-11-24,Electronics,North,1021.6,4,3.7
2024-02-07,Sports,South,3496.74,15,2.2
2024-07-15,Sports,South,4965.05,23,1.9
2024-07-06,Books,South,1052.18,31,1.9
2024-10-07,Clothing,West,666.85,9,3.6
2024-06-14,Clothing,South,4070.49,24,2.7
2024-08-21,Electronics,West,4849.13,9,2.5
2024-07-26,Clothing,North,3635.59,26,3.7
2024-02-12,Electronics,West,2700.13,3,4.2
2024-06-23,Electronics,South,1859.33,38,3.8
2024-03-08,Sports,North,2821.52,26,3.7
2024-05-22,Sports,South,4993.42,6,3.8
2024-10-11,Electronics,East,3019.48,22,4.8
2024-05-09,Sports,West,1176.29,42,1.3
2024-05-08,Sports,North,2126.35,28,3.5
2024-07-09,Food,South,990.93,27,2.7
2024-10-15,Sports,East,1299.83,9,4.5
2024-07-23,Clothing,East,2490.25,9,3.6
2024-10-04,Electronics,West,3359.14,13,1.6
2024-01-09,Electronics,North,1388.09,25,3.2
2024-11-13,Books,South,2620.82,38,4.3
2024-02-08,Clothing,East,2747.4,41,2.1
2024-10-05,Books,South,1629.99,45,1.0
2024-10-11,Sports,West,1362.85,43,3.3
2024-01-09,Sports,West,1380.82,21,3.0
2024-09-08,Electronics,North,2359.71,26,2.0
2024-01-04,Electronics,West,1590.39,8,1.8
2024-01-20,Sports,South,1260.84,39,4.9
2024-12-05,Books,North,3297.45,44,1.1
2024-03-03,Sports,East,2766.22,8,2.9
2024-02-20,Electronics,West,1742.71,36,1.6
2024-11-10,Electronics,East,3785.46,30,3.8
2024-07-30,Clothing,South,48.74,32,1.2
2024-05-31,Electronics,West,1390.56,29,2.9
2024-08-19,Books,North,4398.71,37,2.4
2024-12-17,Clothing,South,3867.7,32,3.9
2024-12-15,Electronics,South,2833.85,40,3.1
2024-07-26,Sports,North,3715.59,15,2.6
2024-09-25,Electronics,North,3887.66,32,2.0
2024-02-23,Electronics,West,3056.53,43,3.9
2024-11-18,Food,South,4318.64,35,1.8
2024-11-05,Food,West,718.05,15,3.7
2024-09-07,Sports,East,2633.62,27,1.5
2024-12-01,Food,South,1479.93,39,1.1
2024-08-21,Food,West,970.67,31,2.5
2024-05-26,Electronics,North,316.83,24,4.4
2024-10-04,Food,South,4417.68,34,3.5
2024-04-26,Sports,West,737.72,29,2.2
2024-06-18,Clothing,East,2494.82,9,2.4
2024-03-02,Electronics,East,1004.95,15,3.6
2024-10-29,Electronics,West,4162.6,31,2.0
2024-02-13,Books,East,4960.71,8,3.4
2024-02-20,Sports,South,4519.24,36,2.9
2024-03-28,Clothing,South,2505.37,49,1.4
2024-04-20,Books,North,2261.35,1,3.5
2024-11-18,Books,West,1740.45,28,4.9
2024-11-22,Sports,South,234.96,2,4.0
2024-05-13,Sports,East,3760.0,33,2.5
2024-07-22,Food,South,2616.81,29,2.3
2024-06-27,Food,West,2522.97,27,3.6
2024-03-12,Food,East,1185.54,49,4.1
2024-11-20,Sports,West,3297.11,9,2.9
2024-10-29,Clothing,North,2277.02,24,1.3
2024-11-18,Books,North,4131.54,16,3.1
2024-03-24,Food,East,3868.73,9,3.2
2024-07-07,Books,West,4246.82,49,3.2
2024-12-11,Food,East,586.77,17,4.0
2024-11-09,Electronics,South,4162.33,39,4.0
2024-10-31,Books,South,3982.82,31,4.0
2024-06-03,Electronics,South,2155.64,31,1.7
2024-02-09,Sports,South,1733.86,26,2.9
2024-03-24,Food,West,85.67,12,1.9
2024-04-14,Clothing,North,4294.2,23,4.3
2024-06-25,Books,West,3826.76,23,2.6
2024-01-26,Clothing,East,4895.71,43,4.9
2024-10-19,Books,West,774.06,34,2.6
2024-03-12,Clothing,South,1146.69,20,1.8
2024-07-31,Clothing,South,2599.62,5,4.9
2024-09-18,Electronics,South,1132.97,36,4.6
2024-08-08,Clothing,North,342.28,24,2.4
2024-10-03,Sports,East,1080.87,4,1.9
2024-04-07,Books,North,1131.05,28,1.8
2024-08-16,Food,East,576.6,17,2.8
2024-12-10,Food,South,682.87,49,1.8
2024-05-01,Clothing,South,717.46,45,2.7
2024-10-29,Food,East,2677.97,32,4.2
2024-07-11,Sports,West,1796.53,38,1.7
2024-11-23,Electronics,West,3398.09,43,4.8
2024-08-09,Clothing,West,4333.4,23,3.5
2024-01-20,Sports,West,2330.74,15,1.5
2024-09-25,Clothing,South,2652.19,36,3.6
2024-09-16,Food,West,1646.88,9,4.1
2024-09-10,Food,East,4510.01,1,1.3
2024-09-07,Sports,South,931.57,28,4.4
2024-04-15,Food,West,4377.97,45,1.1
2024-04-07,Food,East,1467.01,43,2.1
2024-10-08,Clothing,South,4615.53,45,1.4
2024-04-14,Food,West,613.59,28,1.8
2024-06-20,Electronics,North,1246.92,15,4.3
2024-07-16,Electronics,North,4606.25,11,1.2
2024-01-03,Books,South,2380.63,22,3.3
2024-03-31,Books,South,334.57,38,2.0
2024-04-19,Clothing,North,851.02,45,1.5
2024-07-19,Books,East,621.26,35,2.2
2024-03-31,Electronics,South,3181.05,9,2.0
2024-06-25,Clothing,West,3610.03,25,3.3
2024-09-21,Sports,South,4555.2,18,1.6
2024-11-05,Sports,West,1944.17,19,2.2
2024-09-21,Books,North,1888.71,24,1.9
2024-05-06,Clothing,West,4612.15,43,1.2
2024-03-09,Sports,South,425.35,27,3.1
2024-05-07,Clothing,West,3865.29,32,3.4
2024-07-02,Electronics,South,1019.87,32,2.5
2024-11-02,Food,East,1102.98,28,4.7
2024-11-12,Clothing,North,1289.6,4,1.9
2024-05-24,Sports,East,3547.96,1,1.9
2024-09-19,Books,East,2721.02,41,1.2
2024-12-23,Food,South,1008.87,8,4.4
2024-05-12,Books,East,4585.42,46,4.4
2024-08-16,Electronics,East,1943.66,33,1.2
2024-11-13,Food,West,2605.84,48,1.4
2024-04-06,Books,West,1689.93,35,3.0
2024-03-11,Clothing,South,1505.54,41,1.9
2024-06-30,Sports,North,4419.35,16,3.8
2024-12-02,Electronics,East,391.11,25,4.0
2024-07-07,Electronics,South,648.49,47,1.7
2024-09-17,Food,South,3489.27,19,4.8
2024-08-14,Electronics,South,1942.07,33,2.4
2024-04-20,Books,North,1354.28,42,2.9
2024-04-27,Food,East,228.23,34,1.6
2024-10-01,Electronics,West,3714.35,47,1.7
2024-05-05,Food,South,2999.43,44,3.3
2024-05-18,Books,East,3180.33,19,1.1
2024-03-27,Clothing,North,1599.3,44,1.4
2024-10-30,Electronics,West,2936.34,43,1.6
2024-11-01,Clothing,East,3984.53,26,1.7
2024-07-14,Books,West,995.91,6,2.3
2024-12-01,Food,West,4415.46,26,2.4
2024-09-06,Books,South,600.73,45,4.4
2024-06-25,Books,North,4412.32,46,1.9
2024-11-03,Clothing,West,572.13,13,2.9
2024-10-23,Sports,North,69.74,15,1.8
2024-09-29,Food,North,4620.66,12,3.4
2024-05-11,Electronics,North,4069.23,26,2.9
2024-10-20,Books,North,1957.08,11,2.0
2024-02-08,Books,North,1550.97,41,2.9
2024-06-15,Electronics,East,531.46,7,4.8
2024-09-12,Books,North,1526.92,13,1.5
2024-05-27,Food,West,4359.47,49,4.7
2024-11-30,Books,South,535.61,23,1.5
2024-06-08,Food,South,1032.88,44,1.1
2024-12-28,Clothing,East,288.45,18,5.0
2024-12-08,Clothing,North,2489.74,13,2.0
2024-07-28,Electronics,East,3876.27,31,2.7
2024-08-17,Books,North,3046.38,45,3.7
2024-10-04,Books,West,1881.47,41,2.4
2024-11-27,Books,South,244.59,17,2.6
2024-12-17,Food,East,919.01,21,4.1
2024-04-30,Electronics,South,4776.03,19,2.8
2024-01-03,Clothing,East,1270.94,37,3.7
2024-08-27,Sports,East,1640.62,50,4.9
2024-09-09,Books,South,2577.74,24,2.6
2024-10-02,Sports,East,111.4,12,2.9
2024-08-08,Books,West,1045.71,11,3.1
2024-02-07,Clothing,South,4750.55,19,3.9
2024-10-21,Clothing,North,496.65,36,2.9
2024-11-01,Electronics,East,4153.12,27,2.0
2024-01-13,Food,West,4772.37,41,1.2
2024-05-16,Sports,West,4787.55,23,3.5
2024-02-04,Electronics,West,3668.62,39,2.6
2024-10-01,Clothing,South,2739.32,44,3.1
2024-03-16,Food,East,1124.49,13,1.1
2024-10-25,Electronics,East,304.75,41,3.2
2024-03-12,Electronics,West,2615.77,17,4.6
2024-11-12,Electronics,East,4277.88,3,1.1
2024-11-23,Electronics,South,4151.26,14,3.4
2024-01-15,Food,East,147.14,31,1.7
2024-03-13,Books,North,2024.56,41,1.8
2024-06-06,Clothing,East,3999.56,22,4.7
2024-08-02,Books,West,942.19,47,2.7
2024-09-12,Sports,West,183.12,30,2.5
2024-03-07,Sports,North,4048.34,34,4.8
2024-10-27,Sports,North,2429.19,6,1.1
2024-03-21,Sports,North,2222.9,39,4.4
2024-02-19,Sports,North,3686.77,29,2.3
2024-11-03,Electronics,West,2796.08,13,1.2
2024-01-21,Clothing,South,2930.71,47,3.4
2024-07-23,Clothing,South,2297.05,11,2.4
2024-06-29,Clothing,North,1978.51,3,1.8
2024-12-27,Food,South,4814.66,29,4.9
2024-03-15,Sports,North,1124.22,26,4.1
2024-12-15,Sports,South,303.98,44,3.7
2024-07-05,Food,East,2875.36,37,1.5
2024-08-21,Clothing,East,2132.78,8,3.4
2024-08-23,Books,East,1473.63,44,1.4
2024-11-13,Clothing,South,3712.06,38,2.4
2024-11-09,Clothing,North,175.86,19,4.9
2024-11-24,Sports,East,1445.0,24,2.8
2024-05-13,Sports,South,2358.69,34,4.4
2024-04-30,Electronics,East,4409.53,48,4.8
2024-08-07,Books,East,3779.38,44,2.5
2024-01-10,Electronics,South,3328.55,27,2.5
2024-08-03,Books,South,411.96,42,4.4
2024-03-06,Food,West,2490.84,40,4.3
2024-08-01,Sports,West,3715.5,15,3.8
2024-05-23,Books,South,2813.64,32,4.3
2024-03-27,Electronics,North,1098.07,31,1.6
2024-09-19,Food,North,2272.16,1,2.1
2024-04-27,Books,West,4640.37,39,1.3
2024-07-01,Clothing,West,1666.72,30,1.1
2024-04-22,Books,East,1347.5,16,4.2
2024-02-12,Clothing,South,3400.76,24,3.2
2024-08-28,Books,South,1287.18,5,4.0
2024-04-30,Electronics,North,2709.48,13,2.6
2024-06-08,Books,East,1215.64,34,3.2
2024-02-14,Clothing,East,4155.79,12,3.7
2024-11-24,Sports,South,1651.07,21,3.9
2024-02-03,Sports,West,1631.16,43,3.0
2024-07-25,Electronics,East,260.57,22,1.6
2024-06-09,Sports,South,3222.79,37,3.0
2024-06-23,Food,East,3587.6,21,3.9
2024-07-17,Food,South,2282.55,28,3.9
2024-01-06,Clothing,North,3100.77,8,3.9
2024-08-06,Sports,East,876.42,48,3.2
2024-10-05,Sports,North,826.47,8,3.8
2024-01-15,Food,North,1237.97,29,1.8
2024-08-19,Books,South,2653.19,12,3.2
2024-11-07,Books,West,4227.74,35,1.7
2024-12-11,Books,North,1365.68,49,4.0
2024-12-05,Books,South,280.34,11,4.7
2024-01-05,Clothing,South,1490.85,35,3.6
2024-05-05,Books,North,3410.72,50,4.3
2024-03-11,Food,West,2685.36,4,2.7
2024-01-05,Sports,East,65.47,39,1.5
2024-08-20,Sports,East,1943.81,2,1.5
2024-11-28,Sports,North,402.98,26,1.9
2024-07-10,Books,East,4007.95,47,4.0
2024-08-29,Electronics,East,3660.02,34,4.4
2024-05-10,Sports,South,2167.82,19,3.1
2024-12-14,Clothing,East,3579.47,36,4.3
2024-05-06,Food,South,3965.9,17,3.2
2024-10-14,Sports,East,663.58,23,4.5
2024-10-15,Clothing,West,1495.24,4,3.1
2024-04-26,Food,West,686.72,12,3.0
2024-08-18,Books,South,2736.77,37,4.5
2024-08-10,Food,West,2050.47,50,4.5
2024-08-25,Food,North,807.96,3,3.2
2024-06-02,Electronics,South,479.08,16,2.2
2024-01-02,Books,South,652.97,45,2.1
2024-06-10,Books,East,1288.2,17,4.9
2024-04-26,Electronics,West,2687.46,46,3.5
2024-09-20,Clothing,North,3818.18,28,3.7
2024-02-23,Electronics,South,4275.12,44,1.4
2024-11-26,Clothing,West,1303.08,27,4.6
2024-08-03,Books,South,1882.7,16,1.0
2024-06-21,Electronics,East,120.63,40,4.9
2024-04-16,Books,South,1422.34,16,2.5
2024-01-27,Clothing,North,352.21,33,4.7
2024-02-24,Electronics,West,3357.36,14,2.1
2024-06-08,Food,South,2999.83,6,1.3
2024-07-04,Books,North,1018.95,10,1.3
2024-10-19,Electronics,West,3387.23,28,3.0
2024-12-25,Food,West,780.76,41,3.5
2024-12-22,Food,East,675.15,10,2.2
2024-08-17,Sports,East,3246.54,50,3.4
2024-10-25,Sports,South,4229.58,47,3.3
2024-01-30,Books,South,1200.89,15,1.6
2024-12-14,Sports,East,1980.13,19,3.3
2024-02-29,Electronics,West,2933.39,50,4.4
2024-12-26,Sports,West,2375.69,29,3.8
2024-12-25,Books,South,2022.27,1,1.9
2024-02-04,Electronics,South,2460.0,47,2.9
2024-07-11,Sports,North,3843.31,42,1.1
2024-10-04,Sports,South,3394.97,21,1.4
2024-07-03,Clothing,West,2684.06,11,1.1
2024-07-03,Clothing,West,20.91,24,2.2
2024-06-21,Sports,East,3441.29,44,4.2
2024-03-30,Food,West,3984.47,32,3.4
2024-10-31,Books,South,630.4,35,1.1
2024-12-11,Sports,South,2095.61,49,2.1
2024-04-18,Sports,North,796.64,31,2.6
2024-04-08,Books,South,2376.85,24,4.1
2024-04-28,Clothing,East,1296.65,22,2.1
2024-08-06,Electronics,East,4520.92,41,3.4
2024-09-25,Food,East,4092.29,17,4.9
2024-12-04,Electronics,South,1595.13,16,1.8
2024-01-23,Sports,North,1806.38,18,3.8
2024-11-17,Sports,East,3276.21,42,3.1
2024-02-03,Books,West,3433.71,36,1.0
2024-08-14,Electronics,South,3425.1,44,1.3
2024-09-05,Food,West,1902.43,26,2.1
2024-02-23,Sports,North,1674.07,32,3.3
2024-09-29,Sports,East,2874.26,26,2.6
2024-08-15,Electronics,West,2783.6,46,2.8
2024-12-28,Books,South,3605.16,45,1.1
2024-12-24,Books,West,1198.45,3,2.8
2024-05-05,Food,West,4535.98,30,3.9
2024-08-02,Books,North,1212.27,49,3.6
2024-09-14,Food,East,2427.21,35,1.9
2024-10-19,Books,West,4321.24,30,3.8
2024-10-11,Books,South,4091.0,19,4.4
2024-05-27,Books,South,2960.17,36,2.6
2024-09-30,Books,East,4347.36,45,3.6
2024-03-23,Sports,North,3318.79,40,3.6
2024-10-16,Sports,South,4532.04,32,4.9
2024-11-15,Books,North,2858.52,18,4.0
2024-01-30,Clothing,North,953.04,32,2.8
2024-12-11,Books,East,1097.37,32,3.4
2024-12-01,Books,North,861.34,37,1.6
2024-11-09,Clothing,East,160.28,23,1.7
2024-08-31,Food,East,3690.02,43,4.9
2024-09-23,Books,North,3785.2,2,3.8
2024-07-03,Sports,East,1610.59,37,2.3
2024-04-29,Sports,South,1517.0,13,3.1
2024-04-08,Electronics,North,695.46,23,1.4
2024-12-24,Books,East,1306.79,21,2.2
2024-11-01,Sports,South,3211.92,43,1.8
2024-09-30,Sports,South,4836.64,38,4.8
2024-01-01,Books,South,4305.73,16,2.3
2024-03-10,Clothing,North,3210.65,42,2.9
2024-02-21,Books,West,1446.13,2,2.3
2024-04-11,Books,West,1831.49,43,2.6
2024-11-21,Food,South,770.24,23,1.6
2024-08-07,Clothing,North,739.42,6,2.1
2024-07-18,Food,North,2519.82,50,3.2
2024-12-18,Food,South,4874.36,34,2.8
2024-08-26,Food,North,65.15,3,2.9
2024-08-18,Electronics,East,893.44,4,2.4
2024-09-17,Food,South,4826.06,24,2.2
2024-12-11,Food,West,4566.27,4,1.7
2024-09-16,Books,South,463.2,1,4.4
2024-12-10,Electronics,West,1104.5,40,3.6
2024-06-03,Electronics,North,379.59,30,3.9
2024-09-01,Sports,East,428.61,29,4.8
2024-12-04,Sports,West,4115.45,40,4.6
2024-03-15,Books,East,1656.85,27,2.4
2024-09-09,Food,South,1615.23,35,4.4
2024-05-11,Food,South,4661.44,43,2.6
2024-08-08,Books,South,1862.05,12,3.5
2024-03-21,Food,West,4115.23,3,1.0
2024-12-14,Electronics,South,1348.99,45,4.6
2024-05-16,Food,North,1819.26,15,3.7
2024-10-12,Books,South,691.8,46,2.4
2024-10-28,Books,North,3767.62,20,3.1
2024-07-20,Sports,North,928.4,5,2.7
2024-12-06,Sports,West,707.48,33,2.9
2024-12-22,Sports,East,4070.93,1,2.6
2024-05-03,Clothing,South,1876.07,34,2.1
2024-01-29,Sports,East,2883.6,1,1.0
2024-09-26,Electronics,South,1813.67,16,4.9
2024-10-15,Electronics,East,541.88,26,2.1
2024-12-14,Electronics,South,1723.78,17,4.6
2024-08-18,Books,East,2914.02,22,4.9
2024-01-28,Food,West,2531.52,27,1.5
2024-07-11,Electronics,South,4665.39,20,4.4
2024-11-13,Electronics,South,319.75,33,2.2
2024-02-13,Clothing,North,2539.56,34,4.8
2024-01-10,Sports,West,3559.07,50,2.3
2024-10-30,Electronics,South,1028.81,24,3.5
2024-01-06,Sports,South,2973.92,24,4.0
2024-10-25,Sports,East,2540.34,4,3.5
2024-11-11,Clothing,East,4079.01,38,4.7
2024-04-22,Electronics,West,961.15,36,1.8
2024-07-10,Food,West,320.1,20,1.3
2024-07-13,Clothing,West,3118.99,12,4.4
2024-12-12,Food,North,2311.69,50,3.4
2024-04-02,Sports,North,1943.69,32,3.4
2024-08-24,Clothing,East,3248.42,22,3.4
2024-02-19,Sports,South,4792.34,36,4.7
2024-03-12,Electronics,East,2513.07,20,2.8
2024-07-12,Sports,South,2278.3,5,1.6
2024-06-13,Clothing,West,2809.64,48,2.5
2024-03-26,Food,South,1425.34,47,4.3
2024-06-07,Electronics,West,3644.9,42,4.6
2024-02-09,Sports,North,1921.08,37,1.8
2024-07-20,Electronics,West,616.66,28,4.6
2024-03-12,Food,South,2185.79,44,1.7
2024-11-06,Electronics,West,2474.72,11,4.2
2024-02-26,Food,East,4424.6,14,3.1
2024-09-15,Clothing,North,4627.41,16,1.6
2024-05-07,Electronics,West,2592.81,1,4.3
2024-01-20,Clothing,South,3718.37,34,3.9
2024-10-06,Clothing,North,547.61,22,1.5
2024-04-27,Food,East,2356.99,21,4.2
2024-04-27,Electronics,East,3881.27,29,2.4
2024-11-10,Books,North,4658.46,27,2.6
2024-06-29,Clothing,North,642.62,50,1.1
2024-03-06,Electronics,West,4292.37,20,3.4
2024-08-18,Books,East,2245.32,2,4.9
2024-04-23,Clothing,North,2638.83,12,4.4
2024-03-05,Books,South,2425.48,5,1.2
2024-09-28,Books,West,4563.0,37,3.1
2024-04-10,Electronics,South,128.72,30,4.6
2024-06-09,Sports,North,810.93,41,4.2
2024-04-16,Electronics,West,3111.72,37,2.3
2024-03-12,Food,North,2460.21,21,1.4
2024-03-01,Clothing,East,3061.72,9,1.1
2024-07-05,Food,East,4656.76,25,4.0
2024-03-11,Clothing,West,4813.46,1,1.3
2024-01-10,Food,North,4349.8,35,2.7
2024-05-03,Clothing,North,338.94,43,3.6
2024-01-16,Books,South,3637.06,34,3.2
2024-03-05,Books,West,1921.22,46,4.6
2024-04-13,Sports,West,1773.15,27,3.5
2024-07-16,Books,South,4255.99,24,3.2
2024-10-06,Food,South,617.01,29,4.2
2024-12-25,Sports,South,3534.19,27,4.5
2024-05-28,Books,West,4632.63,43,4.7
2024-12-30,Clothing,West,4643.99,6,4.6
2024-01-02,Books,East,3526.9,29,3.7
2024-01-08,Food,East,2816.85,14,2.6
2024-03-16,Clothing,South,782.09,12,3.1
2024-03-19,Sports,North,823.31,2,3.9
2024-05-28,Food,West,3689.44,33,1.6
2024-05-31,Clothing,South,2119.87,11,4.3
2024-01-02,Books,North,3954.94,19,4.5
2024-12-18,Sports,South,4044.82,43,4.4
2024-09-29,Sports,South,1809.83,19,3.3
2024-04-29,Clothing,West,3286.92,1,1.2
2024-01-16,Clothing,North,4546.83,5,2.6
2024-05-08,Sports,East,1544.99,31,4.1
2024-02-26,Clothing,South,1360.42,23,2.9
2024-08-06,Electronics,South,3308.19,21,4.6
2024-10-03,Sports,North,2781.61,45,3.7
2024-10-17,Electronics,West,4719.69,4,2.8
2024-01-27,Electronics,North,746.56,28,4.2
2024-08-28,Clothing,West,166.54,39,3.0
2024-06-16,Clothing,West,4938.1,47,3.6
2024-07-18,Books,South,4172.25,41,4.2
2024-12-21,Clothing,North,4487.16,8,1.9
2024-12-13,Electronics,North,2468.24,18,1.6
2024-05-07,Food,South,1186.5,3,1.5
2024-04-20,Clothing,North,4733.16,3,2.1
2024-09-12,Food,South,4973.48,1,3.1
2024-12-01,Electronics,North,4373.23,13,3.8
2024-10-21,Clothing,North,2561.57,25,2.7
2024-11-10,Clothing,West,1566.91,14,4.9
2024-06-27,Clothing,East,4544.75,16,3.8
2024-08-04,Food,East,989.77,20,1.9
2024-02-06,Sports,East,3501.08,38,3.0
2024-09-22,Electronics,East,878.59,6,2.2
2024-04-24,Food,North,1864.46,30,1.3
2024-09-19,Clothing,South,1474.92,42,4.4
2024-12-26,Electronics,North,4125.6,25,2.3
2024-03-30,Sports,South,3126.7,21,3.5
2024-10-28,Books,North,4227.64,9,2.6
2024-11-25,Electronics,East,3879.7,34,3.1
2024-05-18,Clothing,North,846.6,29,2.5
2024-01-03,Food,East,3990.89,18,4.0
2024-07-27,Clothing,North,4399.46,15,4.1
2024-03-28,Electronics,West,4596.48,40,4.7
2024-10-26,Clothing,North,2104.2,20,3.9
2024-04-15,Electronics,South,3851.02,48,1.2
2024-10-25,Electronics,South,4249.07,39,4.4
2024-09-15,Books,North,2907.75,42,2.6
2024-10-06,Food,East,1400.26,5,3.7
2024-08-31,Clothing,North,317.6,29,2.8
2024-03-18,Electronics,North,2183.48,48,1.3
2024-06-05,Food,West,3917.3,47,4.3
2024-01-14,Sports,West,4714.24,24,2.7
2024-05-20,Electronics,South,3241.46,1,4.8
2024-01-26,Electronics,East,4491.32,6,1.3
2024-06-04,Sports,South,3300.39,19,2.1
2024-12-20,Food,West,166.45,12,2.3
2024-03-01,Clothing,South,3276.7,8,3.8
2024-02-24,Electronics,North,4710.47,14,3.1
2024-07-20,Sports,West,3627.1,4,2.8
2024-02-01,Books,South,1352.43,50,3.1
2024-05-17,Books,South,415.26,49,2.2
2024-06-04,Books,North,1506.48,46,1.2
2024-03-04,Sports,South,2726.66,44,2.6
2024-02-15,Clothing,North,1075.07,4,1.4
2024-02-01,Clothing,East,1466.38,40,4.8
2024-01-24,Electronics,East,4810.67,46,3.2
2024-03-18,Food,South,4060.15,26,4.3
2024-03-30,Food,East,1332.23,32,1.4
2024-05-24,Sports,West,4394.2,21,4.4
2024-06-19,Clothing,West,3013.06,33,1.9
2024-02-12,Food,West,1647.59,12,3.1
2024-02-22,Food,North,1197.05,18,2.2
2024-04-29,Food,West,1170.35,16,3.7
2024-01-14,Food,West,1461.0,1,3.1
2024-07-03,Sports,East,2546.15,7,3.1
2024-11-29,Electronics,West,564.58,49,1.2
2024-09-15,Electronics,South,4584.46,35,4.4
2024-03-03,Sports,North,4454.5,31,1.5
2024-03-27,Books,East,782.53,34,4.6
2024-09-23,Clothing,North,3220.32,29,4.7
2024-10-21,Clothing,North,4697.56,1,4.9
2024-05-03,Clothing,West,4213.65,49,2.9
2024-02-16,Clothing,West,267.41,10,3.1
2024-12-19,Clothing,South,3784.16,6,2.3
2024-06-02,Clothing,East,260.29,34,2.8
2024-03-05,Sports,North,2548.71,18,3.4
2024-10-24,Food,West,2459.41,26,4.7
2024-02-10,Sports,East,447.54,45,3.1
2024-04-13,Electronics,East,191.0,8,4.9
2024-10-14,Books,North,1310.46,35,4.3
2024-07-10,Electronics,South,2508.23,31,4.5
2024-01-18,Food,North,1595.96,33,4.0
2024-06-10,Electronics,West,544.23,12,4.0
2024-07-01,Food,West,4450.77,22,3.5
2024-10-14,Sports,East,456.13,16,4.4
2024-05-11,Electronics,North,2676.59,5,3.7
2024-09-17,Food,West,527.28,32,3.9
2024-12-28,Clothing,North,3831.19,37,1.3
2024-12-13,Food,East,4519.64,44,4.3
2024-09-27,Electronics,North,1764.42,23,4.5
2024-12-17,Sports,South,791.28,37,3.0
2024-04-27,Clothing,West,4477.74,31,1.8
2024-05-02,Electronics,South,2398.68,35,1.9
2024-05-21,Clothing,West,4471.24,37,2.4
2024-04-27,Books,West,1749.71,21,3.5
2024-01-18,Sports,West,825.12,8,2.9
2024-05-31,Sports,West,2851.0,41,1.6
2024-07-14,Electronics,North,4221.97,47,1.7
2024-09-23,Electronics,East,1929.21,25,2.8
2024-11-06,Sports,North,170.99,32,3.2
2024-09-12,Electronics,West,3114.62,39,1.9
2024-06-20,Books,West,738.31,4,1.3
2024-05-18,Food,South,4886.3,19,1.4
2024-09-22,Food,East,3533.23,45,3.9
2024-08-22,Sports,East,4134.14,13,2.9
2024-02-01,Electronics,South,3974.8,5,1.8
2024-01-27,Books,West,927.55,14,2.8
2024-05-26,Clothing,South,2436.02,46,2.6
2024-11-25,Electronics,East,4772.41,30,1.3
2024-12-11,Food,East,3814.95,49,2.2
2024-01-05,Food,West,941.4,22,4.2
2024-05-04,Clothing,West,1312.06,48,2.3
2024-04-24,Sports,North,1002.89,48,1.1
2024-02-20,Books,North,1060.53,30,3.2
2024-02-18,Electronics,East,3035.1,5,1.6
2024-06-29,Electronics,East,3798.1,1,3.3
2024-01-30,Sports,East,3616.58,37,3.7
2024-03-21,Sports,North,3006.81,36,1.6
2024-09-20,Electronics,East,3740.42,21,1.4
2024-12-27,Sports,South,304.83,3,2.2
2024-03-09,Sports,West,4647.63,23,3.3
2024-08-06,Electronics,East,4625.52,36,1.6
2024-05-19,Food,North,1068.6,27,1.9
2024-02-18,Books,South,3024.0,19,5.0
2024-02-28,Food,North,3958.42,43,1.1
2024-08-10,Clothing,West,1380.94,45,3.9
2024-06-28,Books,West,802.17,21,2.3
2024-07-20,Books,West,2799.08,49,4.2
2024-12-09,Sports,South,4805.17,6,2.3
2024-02-18,Clothing,North,4896.08,9,4.8
2024-03-07,Books,East,654.5,44,2.0
2024-07-30,Sports,South,2395.31,50,1.9
2024-02-01,Food,West,2713.61,46,1.1
2024-11-12,Sports,East,2895.82,21,2.0
2024-12-19,Food,North,3728.96,50,3.9
2024-03-15,Food,North,502.46,19,3.1
2024-10-01,Books,East,4059.99,18,4.0
2024-09-04,Books,South,2464.25,38,1.3
2024-04-19,Food,North,4056.98,3,4.3
2024-12-21,Clothing,East,4726.86,28,3.7
2024-10-22,Clothing,East,669.96,2,2.7
2024-01-13,Clothing,South,1003.91,35,3.6
2024-05-13,Electronics,East,2348.81,28,3.0
2024-09-07,Food,North,1337.14,27,1.7
2024-12-30,Food,North,4465.23,39,2.3
2024-05-28,Food,North,4135.76,18,2.0
2024-04-25,Electronics,South,1314.6,39,4.8
2024-05-11,Clothing,West,3666.62,48,3.8
2024-05-30,Sports,East,4629.62,28,1.0
2024-11-09,Sports,South,1887.18,43,3.5
2024-03-20,Food,East,3494.61,21,4.3
2024-07-12,Electronics,North,2678.2,38,1.4
2024-02-02,Food,South,4667.24,4,1.6
2024-11-04,Electronics,West,585.63,15,4.5
2024-08-22,Sports,West,1005.03,9,1.5
2024-07-07,Sports,North,3680.08,2,4.0
2024-06-16,Books,East,622.25,4,4.7
2024-05-01,Food,West,2787.47,39,2.4
2024-12-09,Electronics,North,2196.66,49,1.3
2024-07-29,Sports,East,835.22,47,4.7
2024-11-17,Clothing,East,3342.36,21,4.5
2024-07-18,Food,North,2781.62,45,3.5
2024-08-10,Sports,North,511.06,49,2.2
2024-08-09,Books,North,4633.06,25,3.9
2024-11-20,Electronics,East,1876.69,39,1.4
2024-05-12,Food,South,4277.01,14,1.4
2024-02-20,Electronics,South,176.34,11,3.1
2024-11-28,Books,North,3296.57,7,1.6
2024-10-14,Sports,West,3183.63,17,4.0
2024-04-21,Sports,North,4984.79,16,4.2
2024-01-10,Electronics,West,2729.75,3,3.8
2024-09-27,Food,West,3302.86,31,2.1
2024-12-18,Books,North,3321.1,4,3.2
2024-11-03,Electronics,East,510.88,14,2.2
2024-12-17,Electronics,West,1658.03,43,4.2
2024-07-09,Food,North,2333.79,20,1.6
2024-05-25,Food,South,1580.86,37,3.0
2024-01-08,Clothing,North,4534.35,14,1.5
2024-06-04,Food,West,1447.68,41,2.5
2024-06-30,Food,East,2086.66,3,4.5
2024-04-18,Electronics,East,1661.86,23,1.5
2024-02-02,Electronics,West,3715.12,32,2.7
2024-09-21,Books,South,4869.87,16,3.3
2024-04-10,Books,South,241.57,49,4.7
2024-12-09,Clothing,East,3505.17,7,3.5
2024-10-19,Electronics,West,1805.14,7,1.3
2024-08-10,Sports,West,2868.83,42,2.7
2024-01-31,Books,West,2017.65,3,2.8
2024-07-13,Electronics,North,3875.63,8,3.3
2024-03-18,Food,East,3472.48,39,2.0
2024-04-21,Food,East,4781.83,19,2.0
2024-11-30,Sports,South,4982.62,29,3.5
2024-01-17,Books,West,24.93,6,3.7
2024-08-26,Clothing,East,281.23,31,3.1
2024-09-23,Clothing,West,1448.61,43,1.6
2024-10-26,Electronics,West,97.49,44,2.2
2024-09-03,Food,East,244.37,34,1.4
2024-10-06,Food,West,737.42,38,3.9
2024-10-20,Sports,North,2614.95,14,3.7
2024-02-22,Food,South,3836.76,14,3.3
2024-03-12,Food,East,4682.99,21,1.2
2024-10-14,Electronics,East,1524.18,31,3.4
2024-03-23,Sports,West,1389.17,48,2.2
2024-03-22,Books,West,1776.48,28,4.5
2024-10-15,Food,West,2393.72,36,4.1
2024-05-26,Books,North,2070.06,30,4.2
2024-08-26,Food,North,4926.72,28,4.4
2024-06-29,Electronics,South,2475.54,7,4.0
2024-08-04,Clothing,East,812.81,2,2.4
2024-12-01,Electronics,East,3672.26,14,4.6
2024-11-09,Electronics,West,2741.22,25,3.1
2024-12-10,Electronics,East,1647.26,26,3.1
2024-03-06,Sports,South,3701.95,26,4.5
2024-02-19,Electronics,East,2647.64,7,1.5
2024-04-20,Sports,North,3031.53,13,2.7
2024-12-27,Clothing,West,2708.9,9,1.0
2024-08-06,Sports,East,4221.4,48,1.7
2024-01-17,Food,North,426.96,8,4.5
2024-10-02,Food,North,1131.15,25,3.2
2024-05-18,Electronics,South,1411.94,36,4.6
2024-10-02,Food,North,1693.38,5,3.7
2024-07-12,Electronics,West,2259.11,5,3.2
2024-06-27,Food,West,1088.27,45,1.4
2024-10-25,Sports,West,1988.8,44,2.7
2024-05-04,Electronics,East,2087.22,49,3.1
2024-10-08,Electronics,West,855.13,5,3.8
2024-03-18,Food,West,4489.13,16,4.7
2024-12-29,Clothing,East,3516.33,15,3.8
2024-07-18,Clothing,East,4568.1,3,3.0
2024-01-31,Books,South,2119.54,31,3.9
2024-10-21,Food,South,2886.5,29,4.5
2024-01-21,Clothing,East,3792.09,21,4.6
2024-05-22,Food,West,167.62,28,1.1
2024-04-02,Books,West,4377.99,41,2.3
2024-08-12,Electronics,South,1428.41,49,2.3
2024-02-25,Clothing,North,2081.67,32,3.7
2024-09-03,Sports,North,3456.93,1,1.9
2024-04-08,Food,East,4810.59,12,1.1
2024-05-28,Sports,West,271.55,2,1.6
2024-04-20,Sports,South,2242.56,33,2.8
2024-07-20,Food,North,3747.78,11,1.1
2024-09-22,Sports,West,3108.12,3,1.1
2024-05-16,Clothing,East,1846.15,27,1.0
2024-07-21,Electronics,East,3102.09,48,3.8
2024-09-03,Books,South,822.21,12,3.0
2024-04-26,Clothing,North,3409.77,19,4.5
2024-06-07,Sports,East,1811.93,30,4.2
2024-11-12,Food,South,398.85,1,2.2
2024-01-09,Clothing,South,1815.3,19,2.8
2024-12-11,Sports,East,917.46,27,4.8
2024-05-01,Clothing,South,2473.05,32,4.2
2024-07-15,Sports,East,4220.09,7,3.7
2024-09-11,Electronics,South,3372.52,15,4.1
2024-09-21,Books,South,874.99,6,4.4
2024-05-07,Clothing,East,4782.77,13,2.0
2024-08-02,Sports,East,2631.49,42,2.1
2024-02-02,Food,South,3537.21,28,2.3
2024-05-19,Food,West,4483.61,36,4.7
2024-12-20,Clothing,North,2698.41,19,3.7
2024-06-17,Books,East,2764.18,7,3.7
2024-10-15,Electronics,West,1544.0,9,2.0
2024-07-12,Clothing,East,74.61,47,5.0
2024-01-05,Sports,South,4393.34,8,4.4
2024-12-27,Clothing,South,3537.45,21,4.8
2024-05-31,Books,South,2024.83,39,2.4
2024-05-11,Electronics,West,1508.73,38,3.5
2024-09-01,Books,East,1637.65,26,2.9
2024-06-14,Electronics,East,2245.68,49,4.7
2024-10-01,Food,South,880.34,43,4.8
2024-01-24,Food,North,2975.16,41,2.3
2024-06-26,Books,North,512.76,2,1.4
2024-10-12,Food,East,2395.1,37,1.2
2024-09-24,Electronics,North,2275.92,20,2.8
2024-10-03,Food,South,4905.41,30,4.5
2024-01-26,Food,East,4158.23,40,3.9
2024-01-27,Sports,East,3110.86,5,3.6
2024-11-17,Electronics,South,2118.24,32,3.2
2024-07-20,Sports,North,899.96,16,2.1
2024-01-23,Books,West,4511.61,6,3.1
2024-01-18,Electronics,West,2184.89,36,2.6
2024-09-02,Books,East,4982.68,49,3.8
2024-02-07,Sports,East,206.83,47,4.8
2024-10-02,Electronics,West,4484.09,3,2.5
2024-05-30,Books,East,621.44,45,4.3
2024-09-26,Sports,South,508.29,30,2.7
2024-04-10,Sports,North,3186.87,19,1.9
2024-08-25,Books,West,1204.03,31,3.3
2024-09-22,Books,East,1606.91,36,4.4
2024-04-08,Food,South,3427.0,20,4.4
2024-01-08,Sports,South,1895.49,8,1.6
2024-05-20,Books,East,4047.4,40,2.8
2024-03-29,Food,North,4146.01,44,3.0
2024-04-04,Food,East,2101.64,14,1.1
2024-04-17,Books,East,87.34,49,2.8
2024-06-20,Clothing,North,141.06,40,1.3
2024-01-07,Food,East,903.83,16,4.4
2024-09-06,Sports,South,1148.05,39,2.8
2024-05-28,Electronics,East,2179.0,17,3.9
2024-06-16,Clothing,West,2094.19,16,4.5
2024-03-23,Clothing,North,1491.5,2,2.1
2024-05-05,Food,South,4434.6,12,5.0
2024-02-21,Books,South,4874.3,19,3.8
2024-02-18,Food,East,4294.85,34,2.3
2024-10-08,Clothing,East,4558.61,3,3.7
2024-09-20,Electronics,East,1943.97,9,4.9
2024-07-22,Books,North,4921.92,13,1.4
2024-01-13,Books,East,1618.78,11,2.8
2024-02-14,Books,South,819.93,10,2.6
2024-11-01,Sports,South,1023.66,42,2.2
2024-10-29,Clothing,North,2220.45,47,3.3
2024-09-06,Books,East,2000.51,36,3.5
2024-11-15,Clothing,West,866.98,8,3.2
2024-11-12,Books,North,536.1,11,1.3
2024-08-29,Electronics,North,1591.66,34,4.0
2024-11-11,Electronics,North,1827.46,48,1.7
2024-09-11,Clothing,East,1091.05,22,4.3
2024-06-11,Books,North,3053.78,31,1.0
2024-06-20,Sports,North,1128.38,44,2.4
2024-07-25,Food,South,2565.62,34,1.8
2024-11-21,Clothing,East,76.65,33,1.3
2024-05-29,Food,East,883.93,38,4.0
2024-08-07,Electronics,North,3571.07,13,2.1
2024-01-21,Books,East,981.13,1,4.3
2024-10-14,Sports,West,1068.3,3,3.5
2024-07-20,Sports,East,3957.56,24,4.5
2024-02-17,Clothing,South,39.57,37,3.8
2024-06-15,Sports,East,4249.49,34,1.3
2024-12-19,Books,South,3293.3,2,1.7
2024-09-28,Books,South,4824.22,22,3.1
2024-11-13,Electronics,North,4295.49,10,1.2
2024-02-26,Sports,West,4287.91,2,3.2
2024-02-12,Electronics,West,1987.53,36,4.7
2024-03-13,Books,North,1463.71,37,2.9
2024-11-08,Electronics,East,1907.87,24,3.9
2024-04-20,Books,South,2038.02,14,4.9
2024-03-11,Clothing,South,3404.04,21,3.4
2024-03-24,Electronics,South,3538.11,23,3.3
2024-05-02,Clothing,South,4748.92,40,2.6
2024-10-02,Clothing,East,3363.64,1,3.3
2024-04-16,Sports,South,2622.06,49,3.0
2024-01-11,Sports,North,2309.74,1,1.5
2024-10-30,Sports,South,1383.61,39,4.3
2024-02-26,Clothing,South,558.22,24,2.8
2024-12-06,Clothing,South,3776.14,38,4.6
2024-04-14,Clothing,West,3244.98,31,2.7
2024-12-03,Sports,South,4753.78,32,1.1
2024-02-10,Sports,East,2997.11,13,2.3
2024-09-27,Books,South,4771.26,14,2.5
2024-05-05,Electronics,East,4794.83,35,3.7
2024-07-31,Sports,East,4952.06,50,4.7
2024-11-30,Sports,North,1383.96,8,4.3
2024-07-24,Food,North,114.16,42,4.7
2024-10-09,Sports,South,4012.66,33,4.7
2024-01-14,Electronics,South,2282.23,2,2.2
2024-06-14,Food,North,3228.95,29,3.5
2024-01-29,Electronics,North,4481.68,5,3.4
2024-06-11,Sports,East,535.4,35,3.6
2024-05-05,Food,South,123.39,37,1.3
2024-03-04,Food,West,90.02,50,2.5
2024-06-20,Sports,West,1225.02,8,3.1
2024-09-30,Clothing,North,4866.88,28,3.6
2024-11-22,Electronics,East,1049.34,10,3.3
2024-11-08,Clothing,East,1538.9,13,5.0
2024-01-21,Clothing,South,2285.59,41,2.7
2024-06-20,Clothing,South,2038.96,8,4.5
2024-09-29,Electronics,West,4822.38,48,4.9
2024-07-14,Food,East,318.71,23,2.8
2024-01-01,Sports,East,3796.7,2,3.0
2024-03-09,Sports,East,4073.86,39,3.2
2024-08-03,Electronics,North,3894.06,3,2.3
2024-03-09,Food,East,2931.1,13,3.6
2024-03-03,Electronics,East,4935.74,45,3.6
2024-07-18,Food,South,1179.53,42,4.0
2024-11-22,Sports,North,1494.74,47,1.8
2024-03-08,Sports,East,3068.46,28,4.2
2024-01-19,Sports,East,2282.35,16,2.9
2024-04-11,Sports,South,3660.86,6,2.5
2024-02-13,Electronics,South,4014.92,9,4.4
2024-01-16,Food,West,1667.65,31,3.9
2024-10-21,Books,West,1555.72,38,3.9
2024-01-25,Sports,East,4579.65,5,3.5
2024-03-09,Books,East,1260.75,49,4.6
2024-03-02,Electronics,East,3529.31,22,1.4
2024-05-27,Books,South,2117.06,6,2.2
2024-06-11,Books,West,3506.53,49,3.1
2024-04-05,Electronics,West,4623.51,20,4.7
2024-09-03,Electronics,West,2768.83,45,2.0
2024-06-20,Sports,East,4782.86,41,4.2
2024-06-13,Clothing,North,3042.18,49,2.0
2024-05-18,Clothing,South,3063.95,22,1.0
2024-08-03,Electronics,West,3361.4,1,1.4
2024-07-14,Sports,South,899.43,44,2.5
2024-09-04,Books,North,293.74,1,1.7
